{"count":1,"self":45.890793599999995,"total":53.9186793,"children":{"AgentResetIfDone":{"count":2050,"self":0.1687758,"total":0.1687758,"children":null},"AgentSendState":{"count":2050,"self":0.1278794,"total":0.2893459,"children":{"CollectObservations":{"count":410,"self":0.16146649999999999,"total":0.16146649999999999,"children":null}}},"DecideAction":{"count":2050,"self":7.3726648,"total":7.3726648999999993,"children":null},"AcademyStep":{"count":2050,"self":0.0756019,"total":0.0756019,"children":null},"AgentAct":{"count":2050,"self":0.11950039999999999,"total":0.11950039999999999,"children":null}}}