{"count":1,"self":16.9782752,"total":17.380896399999997,"children":{"AgentResetIfDone":{"count":611,"self":0.0466356,"total":0.0466356,"children":null},"AgentSendState":{"count":611,"self":0.0338438,"total":0.2389074,"children":{"CollectObservations":{"count":123,"self":0.20506359999999998,"total":0.20506359999999998,"children":null}}},"DecideAction":{"count":611,"self":0.021487199999999998,"total":0.021487199999999998,"children":null},"AcademyStep":{"count":611,"self":0.017926499999999998,"total":0.017926499999999998,"children":null},"AgentAct":{"count":611,"self":0.0716803,"total":0.0716803,"children":null}}}