{"cameraMode":{"drawMode":0,"name":"Shaded","section":"Shading Mode"},"sceneLighting":false,"audioPlay":false,"sceneViewState":{"showFog":true,"showMaterialUpdate":false,"showSkybox":false,"showFlares":true,"showImageEffects":true,"showParticleSystems":true},"in2DMode":false,"pivot":{"x":-0.2648477554321289,"y":-4.5405473709106449,"z":-0.5719165802001953},"rotation":{"x":0.21424999833106996,"y":-0.6486598253250122,"z":0.1976822316646576,"w":0.7030413150787354},"size":22.0,"orthographic":false}