{"cameraMode":{"drawMode":0,"name":"Shaded","section":"Shading Mode"},"sceneLighting":false,"audioPlay":false,"sceneViewState":{"showFog":true,"showMaterialUpdate":false,"showSkybox":false,"showFlares":true,"showImageEffects":true,"showParticleSystems":true},"in2DMode":false,"pivot":{"x":0.7135987281799316,"y":1.1206586360931397,"z":5.85978889465332},"rotation":{"x":0.15718498826026917,"y":0.7193558216094971,"z":-0.1728486567735672,"w":0.6541848182678223},"size":5.493088722229004,"orthographic":false}