{"cameraMode":{"drawMode":0,"name":"Shaded","section":"Shading Mode"},"sceneLighting":false,"audioPlay":false,"sceneViewState":{"showFog":true,"showMaterialUpdate":false,"showSkybox":true,"showFlares":true,"showImageEffects":true,"showParticleSystems":true},"in2DMode":false,"pivot":{"x":76.32450866699219,"y":-21.53369140625,"z":57.511505126953128},"rotation":{"x":-0.22161917388439179,"y":0.21981394290924073,"z":-0.051352087408304217,"w":-0.9486467838287354},"size":183.15008544921876,"orthographic":false}