{"cameraMode":{"drawMode":0,"name":"Shaded","section":"Shading Mode"},"sceneLighting":false,"audioPlay":false,"sceneViewState":{"showFog":true,"showMaterialUpdate":false,"showSkybox":false,"showFlares":true,"showImageEffects":true,"showParticleSystems":true},"in2DMode":false,"pivot":{"x":-5.960464477539063e-8,"y":0.21999996900558473,"z":0.12680554389953614},"rotation":{"x":0.21424999833106996,"y":-0.6486598253250122,"z":0.1976822316646576,"w":0.7030413150787354},"size":3.4765844345092775,"orthographic":false}