{"cameraMode":{"drawMode":0,"name":"Shaded","section":"Shading Mode"},"sceneLighting":false,"audioPlay":false,"sceneViewState":{"showFog":true,"showMaterialUpdate":false,"showSkybox":false,"showFlares":true,"showImageEffects":true,"showParticleSystems":true},"in2DMode":false,"pivot":{"x":0.0,"y":-8.771093368530274,"z":-0.00001049041748046875},"rotation":{"x":0.21424999833106996,"y":-0.6486598253250122,"z":0.1976822316646576,"w":0.7030413150787354},"size":89.45713806152344,"orthographic":false}